"NO","year","Ref.","filler type","function","filler size/nm","BET","cage size/A","aperture size/A","loading amout","matrix type","thickness/μm","T/℃","P/bar","Control N2 permeability","Control CO2 permeability","Control CO2/N2 selectivity","Relative N2 permeability","Relative CO2 permeability","Relative CO2/N2 selectivity"
"3","2018 ","1 ","Cu3BTC2","","100","1232","8.6","8.6","5.00%","Azide-PMP","60","30.0 ","2","5.90 ","97.20 ","16.47 ","0.68 ","0.91 ","1.34 "
"4","","","Cu3BTC2","","100","1232","8.6","8.6","10.00%","Azide-PMP","60","30.0 ","2","5.90 ","97.20 ","16.47 ","0.73 ","1.05 ","1.45 "
"5","","","Cu3BTC2","","100","1232","8.6","8.6","15.00%","Azide-PMP","60","30.0 ","2","5.90 ","97.20 ","16.47 ","0.83 ","1.28 ","1.54 "
"6","","","Cu3BTC2","","100","1232","8.6","8.6","20.00%","Azide-PMP","60","30.0 ","2","5.90 ","97.20 ","16.47 ","0.85 ","1.48 ","1.75 "
"8","2010","2","CuTPA","","1500","625","5.2","5.2","15.00%","PVAc","","","","0.08 ","2.44 ","31.16 ","1.16 ","1.34 ","1.15 "
"10","2017","3","MMIF","","45","420","3.35","3.35","10.00%","Matrimid 5218","","35.0 ","4","0.26 ","6.82 ","26.23 ","1.14 ","1.19 ","1.04 "
"11","","","MMIF","","45","420","3.35","3.35","20.00%","Matrimid 5218","60","35.0 ","4","0.26 ","6.82 ","26.23 ","1.23 ","1.27 ","1.03 "
"12","","","MMIF","","45","420","3.35","3.35","10.00%","Matrimid 5218","40","35.0 ","4","0.26 ","6.82 ","26.23 ","0.94 ","1.06 ","1.13 "
"14","2010","4","Cu3(BTC)2","","10000","1071","8.6","8.6","10.00%","Matrimid 5218","42.5","35","10","0.50 ","11.50 ","23.00 ","1.12 ","1.15 ","1.02 "
"15","","","Cu3(BTC)2","","10000","1071","8.6","8.6","20.00%","Matrimid 5218","42.5","35","10","0.50 ","11.50 ","23.00 ","1.55 ","1.58 ","1.02 "
"16","","","Cu3(BTC)2","","10000","1071","8.6","8.6","30.00%","Matrimid 5218","42.5","35","10","0.50 ","11.50 ","23.00 ","1.55 ","1.63 ","1.05 "
"22","2014","5","Cu3(BTC)2","","1000","1439","8.6","8.6","10.00%","Ultem 1000","42.5","35","3.5","0.04 ","1.14 ","28.60 ","1.31 ","1.36 ","1.04 "
"23","","","Cu3(BTC)2","","1000","1439","8.6","8.6","20.00%","Ultem 1000","42.5","35","3.5","0.04 ","1.14 ","28.60 ","2.10 ","2.09 ","1.00 "
"24","","","Cu3(BTC)2","","1000","1439","","8.6","30.00%","Ultem 1000","42.5","35","3.5","0.04 ","1.14 ","28.60 ","3.69 ","3.62 ","0.98 "
"25","","","Cu3(BTC)2","","1000","1439","8.6","8.6","40.00%","Ultem 1000","42.5","35","3.5","0.04 ","1.14 ","28.60 ","14.73 ","10.04 ","0.68 "
"42","2013","7","Cu3(BTC)2","","50000","1669.1","8.6","8.6","10.00%","PPO","30","30","10","4.37 ","69.00 ","15.80 ","1.22 ","1.09 ","0.90 "
"43","","","Cu3(BTC)2","","13000","1791.5","8.6","8.6","10.00%","PPO","30","30","10","4.37 ","69.00 ","15.80 ","1.08 ","1.23 ","1.14 "
"44","","","Cu3(BTC)2","","6000","2262.2","8.6","8.6","10.00%","PPO","30","30","10","4.37 ","69.00 ","15.80 ","0.84 ","1.25 ","1.49 "
"46","2019","8","CuZnIF","","550","","","19.00 ","0.10%","PEBAX1657","20","25","14","1.01 ","126.00 ","125.00 ","1.15 ","1.40 ","1.22 "
"47","","","CuZnIF","","550","","","19.00 ","0.50%","PEBAX1657","20","25","14","1.01 ","126.00 ","125.00 ","0.94 ","1.51 ","1.60 "
"48","","","CuZnIF","","550","","","19.00 ","1.00%","PEBAX1657","20","25","14","1.01 ","126.00 ","125.00 ","1.26 ","1.63 ","1.30 "
"49","","","CuZnIF","","550","","","19.00 ","1.50%","PEBAX1657","20","25","14","1.01 ","126.00 ","125.00 ","1.71 ","1.57 ","0.92 "
"50","","","CuZnIF","","550","","","19.00 ","2.00%","PEBAX1657","20","25","14","1.01 ","126.00 ","125.00 ","1.71 ","1.55 ","0.90 "
"51","","","CuZnIF","","550","","","19.00 ","10.00%","PEBAX1657","20","25","14","1.01 ","126.00 ","125.00 ","1.81 ","1.56 ","0.86 "
"62","2016","10","[{Cu2(Glu)2(u-bpa)}•(CH3CN)]n","","","","4.1","4.1","1.70%","PEBAX1657","2","25","0.2","2.72 ","34.00 ","12.50 ","2.28 ","1.88 ","0.82 "
"63","","","[{Cu2(Glu)2(u-bpa)}•(CH3CN)]n","","","","4.1","4.1","3.10%","PEBAX1657","2","25","0.2","2.72 ","34.00 ","12.50 ","2.13 ","5.29 ","2.48 "
"64","","","[{Cu2(Glu)2(u-bpa)}•(CH3CN)]n","","","","4.1","4.1","3.80%","PEBAX1657","2","25","0.2","2.72 ","34.00 ","12.50 ","2.86 ","8.35 ","2.92 "
"65","","","[{Cu2(Glu)2(u-bpa)}•(CH3CN)]n","","","","4.1","4.1","4.80%","PEBAX1657","2","25","0.2","2.72 ","34.00 ","12.50 ","1.82 ","7.65 ","4.20 "
"67","","","[{Cu2(Glu)2(u-bpa)}•(CH3CN)]n","","","","4.1","4.1","3.00%","POZ","3.5","25","0.2","184.55 ","203.00 ","1.10 ","0.10 ","0.64 ","6.18 "
"68","","","[{Cu2(Glu)2(u-bpa)}•(CH3CN)]n","","","","4.1","4.1","6.30%","POZ","3.5","25","0.2","184.55 ","203.00 ","1.10 ","0.27 ","1.07 ","3.91 "
"69","","","[{Cu2(Glu)2(u-bpa)}•(CH3CN)]n","","","","4.1","4.1","9.20%","POZ","3.5","25","0.2","184.55 ","203.00 ","1.10 ","0.04 ","1.14 ","30.91 "
"71","2014","11","Cu-MOF1","","1500","","4.1","4.1","5.00%","POZ","3.5","35","1.38","76.36 ","84.00 ","1.10 ","0.19 ","1.17 ","6.09 "
"72","","","Cu-MOF1","","1500","","4.1","4.1","10.00%","POZ","3.5","35","1.38","76.36 ","84.00 ","1.10 ","0.27 ","2.04 ","7.45 "
"73","","","Cu-MOF1","","1500","","4.1","4.1","15.00%","POZ","3.5","35","1.38","76.36 ","84.00 ","1.10 ","0.02 ","1.08 ","50.91 "
"74","","","Cu-MOF1","","1500","","4.1","4.1","20.00%","POZ","3.5","35","1.38","76.36 ","84.00 ","1.10 ","0.86 ","27.08 ","31.36 "
"75","","","Cu-MOF2","","1500","","6.7","6.7","5.00%","POZ","3.5","35","1.38","76.36 ","84.00 ","1.10 ","0.39 ","1.29 ","3.27 "
"76","","","Cu-MOF2","","1500","","6.7","6.7","10.00%","POZ","3.5","35","1.38","76.36 ","84.00 ","1.10 ","0.40 ","1.17 ","2.91 "
"77","","","Cu-MOF2","","1500","","6.7","6.7","15.00%","POZ","3.5","35","1.38","76.36 ","84.00 ","1.10 ","0.29 ","2.04 ","7.09 "
"78","","","Cu-MOF2","","1500","","6.7","6.7","20.00%","POZ","3.5","35","1.38","76.36 ","84.00 ","1.10 ","5.32 ","27.08 ","5.09 "
"84","2008","13","Cu–BPY–HFS","","250","2000","8","8","10.00%","Matrimid 5218","","35.0 ","3.9","0.22 ","7.29 ","33.14 ","1.09 ","1.07 ","0.98 "
"85","","","Cu–BPY–HFS","","250","2000","8","8","20.00%","Matrimid 5218","","35.0 ","3.9","0.22 ","7.29 ","33.14 ","1.41 ","1.36 ","0.96 "
"86","","","Cu–BPY–HFS","","250","2000","8","8","20.00%","Matrimid 5218","","35.0 ","3.9","0.22 ","7.29 ","33.14 ","1.45 ","1.37 ","0.94 "
"87","","","Cu–BPY–HFS","","250","2000","8","8","30.00%","Matrimid 5218","","35.0 ","3.9","0.22 ","7.29 ","33.14 ","1.41 ","1.42 ","1.01 "
"88","","","Cu–BPY–HFS","","250","2000","8","8","40.00%","Matrimid 5218","","35.0 ","3.9","0.22 ","7.29 ","33.14 ","2.23 ","2.07 ","0.93 "
"170","2014","15","MOF-5","cubic","55","2387","8.67","8.67","5.00%","PEI","35","25.0 ","3.0 ","0.10 ","1.68 ","16.80 ","1.30 ","1.37 ","1.05 "
"171","","","MOF-5","cubic","55","2387","8.67","8.67","15.00%","PEI","35","25.0 ","3.0 ","0.10 ","1.68 ","16.80 ","1.60 ","1.91 ","1.19 "
"172","","","MOF-5","cubic","55","2387","8.67","8.67","25.00%","PEI","35","25.0 ","3.0 ","0.10 ","1.68 ","16.80 ","1.90 ","3.21 ","1.69 "
"174","2014","16","T-MOF-5","tetragonal","90","1280","6.3","6.3","5.00%","PEI","35","25.0 ","6.0 ","0.10 ","1.70 ","17.00 ","1.10 ","1.12 ","1.02 "
"175","","","T-MOF-5","tetragonal","90","1280","6.3","6.3","15.00%","PEI","35","25.0 ","6.0 ","0.10 ","1.70 ","17.00 ","1.30 ","1.24 ","0.95 "
"176","","","T-MOF-5","tetragonal","90","1280","6.3","6.3","25.00%","PEI","35","25.0 ","6.0 ","0.10 ","1.70 ","17.00 ","1.40 ","1.76 ","1.26 "
"190","2013","18","M-MOF-74","","100","","10","10","20.00%","PDMS","300","25.0 ","2.0 ","330.00 ","3100.00 ","9.39 ","0.55 ","0.68 ","1.24 "
"192","","","M-MOF-74","","100","","10","10","20.00%","XLPEO","300","25.0 ","2.0 ","17.00 ","380.00 ","22.35 ","0.59 ","0.66 ","1.12 "
"194","","","M-MOF-74","","100","","10","10","20.00%","PI","300","25.0 ","2.0 ","46.00 ","650.00 ","14.13 ","0.83 ","1.31 ","1.58 "
"202","2015","20","ZIF-8","","160","1300","11.6","3.4","5.00%","IL-CS","118","25","2","518.52 ","1400.00 ","2.70 ","2.89 ","1.93 ","0.67 "
"203","","","ZIF-8","","160","1300","11.6","3.4","10.00%","IL-CS","118","25","2","518.52 ","1400.00 ","2.70 ","0.91 ","3.87 ","4.26 "
"204","","","ZIF-8","","160","1300","11.6","3.4","20.00%","IL-CS","118","25","2","518.52 ","1400.00 ","2.70 ","1.63 ","3.57 ","2.19 "
"205","","","HKUST-1","","340","","8.6","8.6","5.00%","IL-CS","118","25","2","518.52 ","1400.00 ","2.70 ","0.48 ","3.40 ","7.15 "
"206","","","HKUST-1","","340","","8.6","8.6","10.00%","IL-CS","118","25","2","518.52 ","1400.00 ","2.70 ","3.38 ","1.00 ","0.30 "
"219","2018","22","NUS-8","","5000","664","6","6","0.50%","PIM-1-TT","65","25","1","235.29 ","4000.00 ","17.00 ","1.19 ","1.25 ","1.05 "
"220","","","NUS-8","","5000","664","6","6","1.00%","PIM-1-TT","65","25","1","235.29 ","4000.00 ","17.00 ","0.93 ","1.27 ","1.38 "
"221","","","NUS-8","","5000","664","6","6","2.00%","PIM-1-TT","65","25","1","235.29 ","4000.00 ","17.00 ","1.03 ","1.62 ","1.58 "
"222","","","NUS-8","","5000","664","6","6","5.00%","PIM-1-TT","65","25","1","235.29 ","4000.00 ","17.00 ","1.70 ","2.12 ","1.25 "
"243","","","Zn(pyrz)2(SiF6)","","5700","","3.8","3.8","10.00%","PEGDA-PEGMA-65","450","25","1","25.00 ","470.00 ","18.80 ","0.88 ","1.15 ","1.31 "
"244","","","Zn(pyrz)2(SiF6)","","860","","3.8","3.8","10.00%","PEGDA-PEGMA-65","450","25","1","25.00 ","470.00 ","18.80 ","0.92 ","1.43 ","1.55 "
"245","","","Zn(pyrz)2(SiF6)","","860","","3.8","3.8","20.00%","PEGDA-PEGMA-65","450","25","1","25.00 ","470.00 ","18.80 ","0.88 ","1.34 ","1.52 "
"247","2020","27","NOTT-300","","900","1370","6.50 ","6.50 ","10.00%","pebax 1657","60","25.0 ","10.0 ","1.70 ","82.15 ","48.32 ","1.16 ","1.17 ","1.01 "
"248","","","NOTT-300","","900","1370","6.50 ","6.50 ","20.00%","pebax 1657","60","25.0 ","10.0 ","1.70 ","82.15 ","48.32 ","1.65 ","1.77 ","1.07 "
"249","","","NOTT-300","","900","1370","6.50 ","6.50 ","30.00%","pebax 1657","60","25.0 ","10.0 ","1.70 ","82.15 ","48.32 ","2.79 ","3.21 ","1.15 "
"250","","","NOTT-300","","900","1370","6.50 ","6.50 ","40.00%","pebax 1657","60","25.0 ","10.0 ","1.70 ","82.15 ","48.32 ","3.79 ","4.81 ","1.27 "
"278","2009","32","MOF-5","","100","3000","11","11","10.00%","Matrimid 5218","35","35.0 ","2.0 ","0.25 ","9.00 ","36.00 ","1.12 ","1.23 ","1.10 "
"279","","","MOF-5","","100","3000","11","11","20.00%","Matrimid 5218","35","35.0 ","2.0 ","0.25'","9.00 ","36.00 ","1.60 ","1.53 ","0.96 "
"280","","","MOF-5","","100","3000","11","11","30.00%","Matrimid 5218","35","35.0 ","2.0 ","0.25 ","9.00 ","36.00 ","2.08 ","2.24 ","1.08 "
"282","2014","33","MOP-18","","5000","","15","10","23.00%","Matrimid 5218","22","35.0 ","2.6 ","0.24 ","7.33 ","30.54 ","1.42 ","1.28 ","0.91 "
"283","","","MOP-18","","5000","","15","10","33.00%","Matrimid 5218","22","35.0 ","2.6 ","0.24 ","7.33 ","30.54 ","2.54 ","1.91 ","0.75 "
"284","","","MOP-18","","5000","","15","10","44.00%","Matrimid 5218","74","35.0 ","2.6 ","0.24 ","7.33 ","30.54 ","2.50 ","2.13 ","0.85 "
"295","2019","36","MOF-801","","550","838.94","6","6","2.50%","PEBAX1657","","20","1","0.19 ","8.89 ","47.50 ","2.85 ","3.44 ","1.20 "
"296","","","MOF-801","","550","838.94","6","6","5.00%","PEBAX1657","","20","1","0.19 ","8.89 ","47.50 ","2.51 ","3.34 ","1.33 "
"297","","","MOF-801","","550","838.94","6","6","7.50%","PEBAX1657","","20","1","0.19 ","8.89 ","47.50 ","3.22 ","4.53 ","1.41 "
"298","","","MOF-801","","550","838.94","6","6","10.00%","PEBAX1657","","20","1","0.19 ","8.89 ","47.50 ","1.92 ","2.38 ","1.24 "
"299","","","MOF-801","","550","838.94","6","6","12.50%","PEBAX1657","","20","1","0.19 ","8.89 ","47.50 ","2.14 ","2.81 ","1.31 "
"313","2016","38","Mg-MOF-74","","11000","1250","11","11","10.00%","PIM-1-TD","50","25.0 ","2.0 ","351.00 ","6576.00 ","18.74 ","1.26 ","1.43 ","1.14 "
"314","","","Mg-MOF-74","","11000","1250","11","11","15.00%","PIM-1-TD","50","25.0 ","2.0 ","351.00 ","6576.00 ","18.74 ","1.45 ","2.29 ","1.58 "
"315","","","Mg-MOF-74","","11000","1250","11","11","20.00%","PIM-1-TD","50","25.0 ","2.0 ","351.00 ","6576.00 ","18.74 ","2.11 ","3.23 ","1.53 "
"316","","","Mg-MOF-74-a","","11000","1250","11","11","20.00%","PIM-1-TD","50","25.0 ","2.0 ","351.00 ","6576.00 ","18.74 ","1.38 ","1.14 ","0.82 "
"1 ","2017 ","1 ","ZIF-7","","55.0 ","350.0 ","7.50 ","3.00 ","5%","PEI","400 ","3.0 ","2.0 ","21.80 ","82.50 ","4.37 ","0.17 ","0.78 ","2.96 "
"3 ","","","ZIF-7","","55.0 ","290.0 ","7.50 ","3.00 ","5%","PEI","400 ","3.0 ","2.0 ","21.80 ","82.50 ","4.37 ","8.38 ","2.98 ","0.52 "
"15 ","2014 ","4 ","ZIF-8","","","","11.60 ","3.40 ","10%","PBI-BuI","","35.00 ","20.00 ","0.09 ","2.30 ","57.50 ","1.56 ","1.22 ","0.97 "
"16 ","","","ZIF-8","","","","11.60 ","3.40 ","20%","PBI-BuI","","35.00 ","20.00 ","0.09 ","2.30 ","57.50 ","2.00 ","1.67 ","0.83 "
"17 ","","","ZIF-8","","","","11.60 ","3.40 ","30%","PBI-BuI","","35.00 ","20.00 ","0.09 ","2.30 ","57.50 ","3.67 ","2.27 ","0.76 "
"19 ","","","ZIF-8","","","","11.60 ","3.40 ","10%","PBI-BuI-NC","","35.00 ","20.00 ","0.09 ","2.30 ","57.50 ","4.00 ","2.91 ","0.73 "
"20 ","","","ZIF-8","","","","11.60 ","3.40 ","20%","PBI-BuI-NC","","35.00 ","20.00 ","0.09'","2.30 ","57.50 ","7.11 ","3.91 ","0.56 "
"21 ","","","ZIF-8","","","","11.60 ","3.40 ","30%","PBI-BuI-NC","","35.00 ","20.00 ","0.09 ","2.30 ","57.50 ","53.00 ","23.43 ","0.27 "
"23 ","","","ZIF-8","","","","11.60 ","3.40 ","10%","PBI-BuI-N4","","35.00 ","20.00 ","0.09 ","2.30 ","57.50 ","51.11 ","26.17 ","0.22 "
"24 ","","","ZIF-8","","","","11.60 ","3.40 ","20%","PBI-BuI-N4","","35.00 ","20.00 ","0.09 ","2.30 ","57.50 ","70.00 ","39.04 ","0.20 "
"24 ","2013 ","5 ","ZIF-8","","40.0 ","","11.60 ","3.40 ","11%","PIM-1","","35.0 ","1.0 ","180.00 ","4390.00 ","14.16 ","1.39 ","1.10 ","1.06 "
"25 ","","","ZIF-8","","40.0 ","","11.60 ","3.40 ","28%","PIM-1","","35.0 ","1.0 ","180.00 ","4390.00 ","14.16 ","1.08 ","0.97 ","1.31 "
"26 ","","","ZIF-8","","40.0 ","","11.60 ","3.40 ","36%","PIM-1","","35.0 ","1.0 ","180.00 ","4390.00 ","14.16 ","2.11 ","1.55 ","0.94 "
"27 ","","","ZIF-8","","40.0 ","","11.60 ","3.40 ","43%","PIM-1","","35.0 ","1.0 ","180.00 ","4390.00 ","14.16 ","1.94 ","1.44 ","1.03 "
"29 ","","","ZIF-8","EtOH","40.0 ","","11.60 ","3.40 ","28%","PIM-1","","35.0 ","1.0 ","180.00 ","4390.00 ","14.16 ","6.06 ","3.88 ","0.84 "
"30 ","","","ZIF-8","MeOH","40.0 ","","11.60 ","3.40 ","43%","PIM-1","","35.0 ","1.0 ","180.00 ","4390.00 ","14.16 ","9.78 ","4.41 ","0.51 "
"47 ","2014 ","9 ","ZIF-71","","100.0 ","679.0 ","16.50 ","4.20 ","10%","6FDA-Durene","","35.0 ","3.5 ","65.20 ","959.00 ","16.37 ","1.86 ","1.88 ","0.98 "
"48 ","","","ZIF-71","","100.0 ","679.0 ","16.50 ","4.20 ","20%","6FDA-Durene","","35.0 ","3.5 ","65.20 ","959.00 ","16.37 ","4.82 ","4.18 ","0.78 "
"49 ","","","ZIF-71","","100.0 ","679.0 ","16.50 ","4.20 ","30%","6FDA-Durene","","35.0 ","3.5 ","65.20 ","959.00 ","16.37 ","10.35 ","8.08 ","0.58 "
"51 ","2011 ","10 ","ZIF-8","","4900.0 ","1550.0 ","11.80 ","3.40 ","10%","PPEES","","30.0 ","1.0 ","0.20 ","5.00 ","16.67 ","1.50 ","1.40 ","1.20 "
"52 ","","","ZIF-8","","4900.0 ","1550.0 ","11.80 ","3.40 ","20%","PPEES","","30.0 ","1.0 ","0.20 ","5.00 ","16.67 ","3.50 ","3.60 ","1.27 "
"53 ","","","ZIF-8","","4900.0 ","1550.0 ","11.80 ","3.40 ","30%","PPEES","","30.0 ","1.0 ","0.20 ","5.00 ","16.67 ","10.50 ","10.00 ","1.22 "
"55 ","2016 ","11 ","ZIF-11","","2500.0 ","","14.60 ","3.00 ","10%","Pebax2533","150 ","20.0 ","2.0 ","6.00 ","230.00 ","8.85 ","0.67 ","0.91 ","1.03 "
"56 ","","","ZIF-11","","2500.0 ","","14.60 ","3.00 ","30%","Pebax2533","150 ","20.0 ","2.0 ","6.00 ","230.00 ","8.85 ","0.63 ","0.78 ","1.02 "
"57 ","","","ZIF-11","","2500.0 ","","14.60 ","3.00 ","50%","Pebax2533","150 ","20.0 ","2.0 ","6.00 ","230.00 ","8.85 ","0.83 ","1.00 ","1.24 "
"58 ","","","ZIF-11","","2500.0 ","","14.60 ","3.00 ","70%","Pebax2533","150 ","20.0 ","2.0 ","6.00 ","230.00 ","8.85 ","2.17 ","1.76 ","1.43 "
"60 ","2018 ","12 ","ZIF-94","","300.0 ","465.0 ","9.10 ","","10%","6FDA","","25.0 ","1.0 ","30.80 ","770.00 ","25.00 ","1.18 ","1.16 ","0.98 "
"61 ","","","ZIF-94","","300.0 ","465.0 ","9.10 ","","20%","6FDA","","25.0 ","1.0 ","30.80 ","770.00 ","25.00 ","1.58 ","1.45 ","0.92 "
"62 ","","","ZIF-94","","300.0 ","465.0 ","9.10 ","","30%","6FDA","","25.0 ","1.0 ","30.80 ","770.00 ","25.00 ","1.89 ","1.59 ","0.84 "
"63 ","","","ZIF-94","","300.0 ","465.0 ","9.10 ","","40%","6FDA","","25.0 ","1.0 ","30.80 ","770.00 ","25.00 ","3.23 ","2.91 ","0.90 "
"65 ","2020 ","13 ","ZIF-7","","44.0 ","201.0 ","7.50 ","3.00 ","","Pebax2533","","25.0 ","4.5 ","11.00 ","171.00 ","15.55 ","0.79 ","1.16 ","1.46 "
"66 ","","","ZIF-7","","36.0 ","361.0 ","7.50 ","3.00 ","","Pebax2533","","25.0 ","4.5 ","11.00 ","171.00 ","15.55 ","0.68 ","1.20 ","1.76 "
"67 ","","","ZIF-7","","85.0 ","28.2 ","7.50 ","3.00 ","","Pebax2533","","25.0 ","4.5 ","11.00 ","171.00 ","15.55 ","0.70 ","1.46 ","2.09 "
"68 ","","","ZIF-7","","682.0 ","4.9 ","7.50 ","3.00 ","","Pebax2533","","25.0 ","4.5 ","11.00 ","171.00 ","15.55 ","2.66 ","3.29 ","1.23 "
"71 ","2019 ","14 ","ZIF-302","","2250.0 ","","","","","PI","36 ","35.0 ","2.0 ","0.05 ","1.38 ","27.60 ","2.40 ","2.30 ","0.96 "
"72 ","","","ZIF-302","","2250.0 ","","","","","PI","194 ","35.0 ","2.0 ","0.86 ","13.47 ","15.66 ","1.16 ","1.66 ","1.43 "
"79 ","2015 ","16 ","ZIF-71","","","","16.50 ","4.20 ","10%","PIM-1-TT","60 ","35.0 ","3.5 ","163.60 ","3294.70 ","20.14 ","1.35 ","1.30 ","0.96 "
"80 ","","","ZIF-71","","","","16.50 ","4.20 ","20%","PIM-1-TT","60 ","35.0 ","3.5 ","163.60 ","3294.70 ","20.14 ","1.81 ","1.80 ","0.99 "
"81 ","","","ZIF-71","","","","16.50 ","4.20 ","30%","PIM-1-TT","60 ","35.0 ","3.5 ","163.60 ","3294.70 ","20.14 ","2.90 ","2.54 ","0.88 "
"83 ","","","ZIF-71","","","","16.50 ","4.20 ","10%","PIM-1-TT","60 ","35.0 ","3.5 ","41.40 ","1233.20 ","29.79 ","1.58 ","1.55 ","0.98 "
"84 ","","","ZIF-71","","","","16.50 ","4.20 ","20%","PIM-1-TT","60 ","35.0 ","3.5 ","41.40 ","1233.20 ","29.79 ","2.26 ","2.06 ","0.91 "
"85 ","","","ZIF-71","","","","16.50 ","4.20 ","30%","PIM-1-TT","60 ","35.0 ","3.5 ","41.40 ","1233.20 ","29.79 ","3.11 ","2.80 ","0.90 "
"87 ","2018 ","17 ","ZIF-8","","200.0 ","1500.0 ","11.80 ","3.40 ","10%","PEGDA","125 ","35.0 ","","2.40 ","130.00 ","54.17 ","2.33 ","2.46 ","1.05 "
"88 ","","","ZIF-8","","200.0 ","1500.0 ","11.80 ","3.40 ","20%","PEGDA","125 ","35.0 ","","2.40 ","130.00 ","54.17 ","4.58 ","3.85 ","0.84 "
"89 ","","","ZIF-8","","200.0 ","1500.0 ","11.80 ","3.40 ","30%","PEGDA","125 ","35.0 ","","2.40 ","130.00 ","54.17 ","7.50 ","5.54 ","0.74 "
"90 ","","","ZIF-8","","200.0 ","1500.0 ","11.80 ","3.40 ","50%","PEGDA","125 ","35.0 ","","2.40 ","130.00 ","54.17 ","16.67 ","10.00 ","0.60 "
"93 ","","","ZIF-8","","200.0 ","1500.0 ","11.80 ","3.40 ","10%","PEGDA-co-PEGMEA","125 ","35.0 ","","6.40 ","330.00 ","51.56 ","1.52 ","1.70 ","1.12 "
"94 ","","","ZIF-8","","200.0 ","1500.0 ","11.80 ","3.40 ","20%","PEGDA-co-PEGMEA","125 ","35.0 ","","6.40 ","330.00 ","51.56 ","2.81 ","2.55 ","0.91 "
"113 ","2017 ","20 ","ZIF-8","","151.0 ","1315.0 ","11.60 ","3.40 ","20%","Pebax1657","13 ","30.0 ","2.0 ","16.00 ","152.00 ","9.50 ","1.06 ","1.71 ","1.61 "
"114 ","","","ZIF-8","","66.0 ","1637.0 ","11.60 ","3.40 ","10%","Pebax1657","13 ","30.0 ","2.0 ","16.00 ","152.00 ","9.50 ","1.12 ","1.74 ","1.55 "
"115 ","","","ZIF-8","","44.0 ","1792.0 ","11.60 ","3.40 ","10%","Pebax1657","13 ","30.0 ","2.0 ","16.00 ","152.00 ","9.50 ","1.09 ","1.88 ","1.71 "
"117 ","","","ZIF-8","","151.0 ","1315.0 ","11.60 ","3.40 ","10%","Pebax1657","13 ","30.0 ","2.0 ","10.00 ","142.00 ","14.20 ","1.30 ","1.58 ","1.22 "
"118 ","","","ZIF-8","","66.0 ","1637.0 ","11.60 ","3.40 ","10%","Pebax1657","13 ","30.0 ","2.0 ","10.00 ","142.00 ","14.20 ","1.70 ","1.75 ","1.03 "
"119 ","","","ZIF-8","","44.0 ","1792.0 ","11.60 ","3.40 ","10%","Pebax1657","13 ","30.0 ","2.0 ","10.00 ","142.00 ","14.20 ","1.72 ","1.77 ","1.03 "
"130 ","2019 ","22 ","ZIF-8","","50.0 ","","11.60 ","3.40 ","10%","6FDA-HAB DAM","60 ","35.0 ","1.0 ","4.40 ","117.00 ","26.59 ","1.80 ","1.64 ","0.91 "
"131 ","","","ZIF-8","","50.0 ","","11.60 ","3.40 ","10%","6FDA-HAB DAM-3","60 ","35.0 ","1.0 ","6.20 ","144.00 ","23.23 ","1.89 ","1.55 ","0.82 "
"132 ","","","ZIF-8","","50.0 ","","11.60 ","3.40 ","10%","6FDA-HAB DAM-5","60 ","35.0 ","1.0 ","10.30 ","233.00 ","22.62 ","1.62 ","1.53 ","0.95 "
"133 ","","","ZIF-8","","50.0 ","","11.60 ","3.40 ","10%","6FDA-HAB DAM-7","60 ","35.0 ","1.0 ","14.70 ","304.00 ","20.68 ","1.39 ","1.39 ","1.00 "
"134 ","","","ZIF-8","","50.0 ","","11.60 ","3.40 ","10%","6FDA-HAB DAM-9","60 ","35.0 ","1.0 ","20.10 ","413.00 ","20.55 ","1.29 ","1.12 ","0.87 "
"135 ","","","ZIF-8","","50.0 ","","11.60 ","3.40 ","20%","6FDA-HAB DAM","60 ","35.0 ","1.0 ","4.40 ","117.00 ","26.59 ","2.30 ","1.91 ","0.83 "
"136 ","","","ZIF-8","","50.0 ","","11.60 ","3.40 ","20%","6FDA-HAB DAM-3","60 ","35.0 ","1.0 ","6.20 ","144.00 ","23.23 ","1.89 ","1.81 ","0.96 "
"137 ","","","ZIF-8","","50.0 ","","11.60 ","3.40 ","20%","6FDA-HAB DAM-5","60 ","35.0 ","1.0 ","10.30 ","233.00 ","22.62 ","1.43 ","1.22 ","0.86 "
"138 ","","","ZIF-8","","50.0 ","","11.60 ","3.40 ","20%","6FDA-HAB DAM-7","60 ","35.0 ","1.0 ","14.70 ","304.00 ","20.68 ","1.27 ","1.19 ","0.94 "
"139 ","","","ZIF-8","","50.0 ","","11.60 ","3.40 ","20%","6FDA-HAB DAM-9","60 ","35.0 ","1.0 ","20.10 ","413.00 ","20.55 ","2.81 ","2.29 ","0.82 "
"145 ","2016 ","24 ","ZIF-8","","250.0 ","1029.0 ","11.60 ","3.40 ","5%","PEBAX 1657","80 ","25.0 ","1.0 ","1.80 ","76.00 ","42.22 ","1.33 ","1.08 ","0.81 "
"146 ","","","ZIF-8","","250.0 ","1029.0 ","11.60 ","3.40 ","10%","PEBAX 1657","80 ","25.0 ","1.0 ","1.80 ","76.00 ","42.22 ","1.56 ","1.28 ","0.82 "
"147 ","","","ZIF-8","","250.0 ","1029.0 ","11.60 ","3.40 ","15%","PEBAX 1657","80 ","25.0 ","1.0 ","1.80 ","76.00 ","42.22 ","1.94 ","1.64 ","0.85 "
"148 ","","","ZIF-8","","250.0 ","1029.0 ","11.60 ","3.40 ","20%","PEBAX 1657","80 ","25.0 ","1.0 ","1.80 ","76.00 ","42.22 ","2.22 ","2.13 ","0.96 "
"149 ","","","ZIF-8","","250.0 ","1029.0 ","11.60 ","3.40 ","25%","PEBAX 1657","80 ","25.0 ","1.0 ","1.80 ","76.00 ","42.22 ","3.33 ","2.70 ","0.81 "
"151 ","","","ZIF-8","","250.0 ","698.0 ","11.60 ","3.40 ","5%","PEBAX 1657","80 ","25.0 ","1.0 ","1.80 ","76.00 ","42.22 ","0.83 ","1.05 ","1.26 "
"152 ","","","ZIF-8","","250.0 ","698.0 ","11.60 ","3.40 ","10%","PEBAX 1657","80 ","25.0 ","1.0 ","1.80 ","76.00 ","42.22 ","0.67 ","1.21 ","1.82 "
"153 ","","","ZIF-8","","250.0 ","698.0 ","11.60 ","3.40 ","15%","PEBAX 1657","80 ","25.0 ","1.0 ","1.80 ","76.00 ","42.22 ","1.39 ","1.64 ","1.18 "
"154 ","","","ZIF-8","","250.0 ","698.0 ","11.60 ","3.40 ","20%","PEBAX 1657","80 ","25.0 ","1.0 ","1.80 ","76.00 ","42.22 ","1.94 ","1.97 ","1.02 "
"163 ","2013 ","26 ","ZIF-7","","35.0 ","","7.50 ","3.00 ","8%","PEBAX 1657","0.498 ","20.0 ","3.5 ","2.12 ","72.00 ","34.00 ","1.01 ","2.01 ","2.00 "
"164 ","","","ZIF-7","","35.0 ","","7.50 ","3.00 ","22%","PEBAX 1657","0.812 ","20.0 ","3.5 ","2.12 ","72.00 ","34.00 ","0.54 ","1.54 ","2.85 "
"165 ","","","ZIF-7","","35.0 ","","7.50 ","3.00 ","34%","PEBAX 1657","1.052 ","20.0 ","3.5 ","2.12 ","72.00 ","34.00 ","0.18 ","0.57 ","3.09 "
"169 ","2019 ","28 ","ZIF-8","","700.0 ","1506.0 ","11.60 ","3.40 ","2%","PEBAX 1657","95 ","35.0 ","11.0 ","1.40 ","70.10 ","50.07 ","1.43 ","1.68 ","1.18 "
"170 ","","","ZIF-8","","700.0 ","1506.0 ","11.60 ","3.40 ","3%","PEBAX 1657,","95 ","35.0 ","11.0 ","1.40 ","70.10 ","50.07 ","1.93 ","1.79 ","0.93 "
"171 ","","","ZIF-8","","700.0 ","1506.0 ","11.60 ","3.40 ","4%","PEBAX 1657","95 ","35.0 ","11.0 ","1.40 ","70.10 ","50.07 ","1.93 ","1.83 ","0.95 "
"172 ","","","ZIF-8","","700.0 ","1506.0 ","11.60 ","3.40 ","5%","PEBAX 1657","95 ","35.0 ","11.0 ","1.40 ","70.10 ","50.07 ","2.00 ","1.85 ","0.93 "
"173 ","","","ZIF-67","","300.0 ","1465.0 ","11.60 ","3.30 ","2%","PEBAX 1657","95 ","35.0 ","11.0 ","1.40 ","70.10 ","50.07 ","1.50 ","1.58 ","1.05 "
"174 ","","","ZIF-67","","300.0 ","1465.0 ","11.60 ","3.30 ","3%","PEBAX 1657","95 ","35.0 ","11.0 ","1.40 ","70.10 ","50.07 ","1.50 ","2.20 ","1.47 "
"175 ","","","ZIF-67","","300.0 ","1465.0 ","11.60 ","3.30 ","4%","PEBAX 1657","95 ","35.0 ","11.0 ","1.40 ","70.10 ","50.07 ","1.57 ","2.28 ","1.45 "
"176 ","","","ZIF-67","","300.0 ","1465.0 ","11.60 ","3.30 ","5%","PEBAX 1657","95 ","35.0 ","11.0 ","1.40 ","70.10 ","50.07 ","1.43 ","2.31 ","1.62 "
"178 ","2014 ","29 ","ZIF-8","","100","1350.0 ","11.60 ","3.40 ","3%","6FDA-durene","50 ","25.0 ","2.0 ","57.90 ","1468.30 ","25.36 ","1.07 ","1.09 ","1.01 "
"179 ","","","ZIF-8","","100","1350.0 ","11.60 ","3.40 ","5%","6FDA-durene","50 ","25.0 ","2.0 ","57.90 ","1468.30 ","25.36 ","1.29 ","1.15 ","0.89 "
"180 ","","","ZIF-8","","100","1350.0 ","11.60 ","3.40 ","7%","6FDA-durene","50 ","25.0 ","2.0 ","57.90 ","1468.30 ","25.36 ","1.38 ","1.21 ","0.87 "
"181 ","","","ZIF-8","","100","1350.0 ","11.60 ","3.40 ","10%","6FDA-durene","50 ","25.0 ","2.0 ","57.90 ","1468.30 ","25.36 ","1.59 ","1.28 ","0.81 "
"182 ","","","ZIF-8","","100","1350.0 ","11.60 ","3.40 ","15%","6FDA-durene","50 ","25.0 ","2.0 ","57.90 ","1468.30 ","25.36 ","1.80 ","1.32 ","0.73 "
"183 ","","","ZIF-8","","100","1350.0 ","11.60 ","3.40 ","20%","6FDA-durene","50 ","25.0 ","2.0 ","57.90 ","1468.30 ","25.36 ","2.00 ","1.38 ","0.69 "
"184 ","","","ZIF-8","","100","1350.0 ","11.60 ","3.40 ","30%","6FDA-durene","50 ","25.0 ","2.0 ","57.90 ","1468.30 ","25.36 ","2.22 ","1.49 ","0.67 "
"186 ","","","ZIF-8","","100","1350.0 ","11.60 ","3.40 ","3%","6FDA-durene","50 ","25.0 ","6.0 ","56.20 ","1365.80 ","24.30 ","1.10 ","1.06 ","0.96 "
"187 ","","","ZIF-8","","100","1350.0 ","11.60 ","3.40 ","5%","6FDA-durene","50 ","25.0 ","6.0 ","56.20 ","1365.80 ","24.30 ","1.30 ","1.16 ","0.89 "
"188 ","","","ZIF-8","","100","1350.0 ","11.60 ","3.40 ","7%","6FDA-durene","50 ","25.0 ","6.0 ","56.20 ","1365.80 ","24.30 ","1.50 ","1.22 ","0.82 "
"189 ","","","ZIF-8","","100","1350.0 ","11.60 ","3.40 ","10%","6FDA-durene","50 ","25.0 ","6.0 ","56.20 ","1365.80 ","24.30 ","1.67 ","1.30 ","0.78 "
"190 ","","","ZIF-8","","100","1350.0 ","11.60 ","3.40 ","15%","6FDA-durene","50 ","25.0 ","6.0 ","56.20 ","1365.80 ","24.30 ","1.89 ","1.39 ","0.73 "
"191 ","","","ZIF-8","","100","1350.0 ","11.60 ","3.40 ","20%","6FDA-durene","50 ","25.0 ","6.0 ","56.20 ","1365.80 ","24.30 ","2.07 ","1.45 ","0.70 "
"192 ","","","ZIF-8","","100","1350.0 ","11.60 ","3.40 ","30%","6FDA-durene","50 ","25.0 ","6.0 ","56.20 ","1365.80 ","24.30 ","2.32 ","1.56 ","0.67 "
"194 ","2014 ","30 ","ZIF-8","","300","1400.0 ","11.60 ","3.40 ","5%","PEBAX2533","50 ","25.0 ","2.0 ","10.00 ","351.00 ","35.10 ","1.20 ","1.04 ","0.87 "
"195 ","","","ZIF-8","","300","1400.0 ","11.60 ","3.40 ","10%","PEBAX2533","50 ","25.0 ","2.0 ","10.00 ","351.00 ","35.10 ","1.40 ","1.22 ","0.87 "
"196 ","","","ZIF-8","","300","1400.0 ","11.60 ","3.40 ","15%","PEBAX2533","50 ","25.0 ","2.0 ","10.00 ","351.00 ","35.10 ","1.90 ","1.64 ","0.86 "
"197 ","","","ZIF-8","","300","1400.0 ","11.60 ","3.40 ","20%","PEBAX2533","50 ","25.0 ","2.0 ","10.00 ","351.00 ","35.10 ","3.00 ","2.43 ","0.81 "
"198 ","","","ZIF-8","","300","1400.0 ","11.60 ","3.40 ","25%","PEBAX2533","50 ","25.0 ","2.0 ","10.00 ","351.00 ","35.10 ","3.50 ","3.08 ","0.88 "
"199 ","","","ZIF-8","","300","1400.0 ","11.60 ","3.40 ","30%","PEBAX2533","50 ","25.0 ","2.0 ","10.00 ","351.00 ","35.10 ","3.70 ","3.35 ","0.91 "
"200 ","","","ZIF-8","","300","1400.0 ","11.60 ","3.40 ","35%","PEBAX2533","50 ","25.0 ","2.0 ","10.00 ","351.00 ","35.10 ","4.00 ","3.67 ","0.92 "
"202 ","","","ZIF-8","","300","1400.0 ","11.60 ","3.40 ","5%","PEBAX2533","50 ","25.0 ","6.0 ","11.00 ","299.00 ","27.18 ","1.18 ","1.33 ","1.12 "
"203 ","","","ZIF-8","","300","1400.0 ","11.60 ","3.40 ","10%","PEBAX2533","50 ","25.0 ","6.0 ","11.00 ","299.00 ","27.18 ","1.27 ","1.45 ","1.14 "
"204 ","","","ZIF-8","","300","1400.0 ","11.60 ","3.40 ","15%","PEBAX2533","50 ","25.0 ","6.0 ","11.00 ","299.00 ","27.18 ","1.45 ","1.70 ","1.17 "
"205 ","","","ZIF-8","","300","1400.0 ","11.60 ","3.40 ","20%","PEBAX2533","50 ","25.0 ","6.0 ","11.00 ","299.00 ","27.18 ","2.36 ","2.82 ","1.19 "
"206 ","","","ZIF-8","","300","1400.0 ","11.60 ","3.40 ","25%","PEBAX2533","50 ","25.0 ","6.0 ","11.00 ","299.00 ","27.18 ","3.55 ","3.78 ","1.07 "
"207 ","","","ZIF-8","","300","1400.0 ","11.60 ","3.40 ","30%","PEBAX2533","50 ","25.0 ","6.0 ","11.00 ","299.00 ","27.18 ","3.82 ","4.08 ","1.07 "
"208 ","","","ZIF-8","","300","1400.0 ","11.60 ","3.40 ","35%","PEBAX2533","50 ","25.0 ","6.0 ","11.00 ","299.00 ","27.18 ","4.00 ","4.32 ","1.08 "
"210 ","2014 ","31 ","ZIF-8","","134.0 ","418.4 ","11.60 ","3.40 ","5%","PSF","150 ","27.0 ","4.0 ","8.87 ","171.47 ","19.34 ","0.86 ","0.60 ","0.70 "
"211 ","","","ZIF-8","","288.0 ","491.5 ","11.60 ","3.40 ","","PSF","150 ","27.0 ","4.0 ","8.87 ","171.47 ","19.34 ","0.41 ","0.61 ","1.47 "
"212 ","","","ZIF-8","","393.0 ","1223.2 ","11.60 ","3.40 ","","PSF","150 ","27.0 ","4.0 ","8.87 ","171.47 ","19.34 ","1.34 ","0.75 ","0.56 "
"213 ","","","ZIF-8","","134.0 ","981.1 ","11.60 ","3.40 ","5%","PSF","150 ","27.0 ","4.0 ","8.87 ","171.47 ","19.34 ","3.35 ","1.01 ","0.30 "
"214 ","","","ZIF-8","","288.0 ","566.7 ","11.60 ","3.40 ","","PSF","150 ","27.0 ","4.0 ","8.87 ","171.47 ","19.34 ","2.80 ","0.83 ","0.30 "
"215 ","","","ZIF-8","","393.0 ","990.9 ","11.60 ","3.40 ","","PSF","150 ","27.0 ","4.0 ","8.87 ","171.47 ","19.34 ","3.62 ","1.09 ","0.30 "
"217 ","2010 ","32 ","ZIF-8","","50.0 ","1350.0 ","11.60 ","3.40 ","20%","matrimid 5218","40 ","35.0 ","2.6 ","0.33 ","10.00 ","30.30 ","0.76 ","0.80 ","1.06 "
"218 ","","","ZIF-8","","50.0 ","1350.0 ","11.60 ","3.40 ","30%","matrimid 5218","40 ","35.0 ","2.6 ","0.33 ","10.00 ","30.30 ","1.79 ","1.50 ","0.84 "
"219 ","","","ZIF-8","","50.0 ","1350.0 ","11.60 ","3.40 ","40%","matrimid 5218","40 ","35.0 ","2.6 ","0.33 ","10.00 ","30.30 ","3.18 ","2.60 ","0.82 "
"220 ","","","ZIF-8","","50.0 ","1350.0 ","11.60 ","3.40 ","50%","matrimid 5218","40 ","35.0 ","2.6 ","0.33 ","10.00 ","30.30 ","0.58 ","0.50 ","0.87 "
"221 ","","","ZIF-8","","50.0 ","1350.0 ","11.60 ","3.40 ","60%","matrimid 5218","40 ","35.0 ","2.6 ","0.33 ","10.00 ","30.30 ","1.33 ","0.80 ","0.60 "
"266 ","2018 ","37 ","ZIF-300","","300.0 ","400.0 ","","","10%","Ultrason","95 ","25.0 ","1.0 ","0.27 ","6.00 ","22.00 ","1.64 ","2.17 ","1.32 "
"267 ","","","ZIF-300","","300.0 ","400.0 ","","","20%","Ultrason","95 ","25.0 ","1.0 ","0.27 ","6.00 ","22.00 ","2.40 ","3.00 ","1.25 "
"268 ","","","ZIF-300","","300.0 ","400.0 ","","","30%","Ultrason","95 ","25.0 ","1.0 ","0.27 ","6.00 ","22.00 ","2.99 ","3.67 ","1.23 "
"269 ","","","ZIF-300","","300.0 ","400.0 ","","","40%","Ultrason","95 ","25.0 ","1.0 ","0.27 ","6.00 ","22.00 ","3.83 ","4.67 ","1.22 "
"271 ","2016 ","38 ","ZIF-301","","300.0 ","400.0 ","","","10%","PSF","95 ","25.0 ","1.0 ","0.24 ","6.32 ","26.33 ","1.46 ","1.61 ","1.10 "
"272 ","","","ZIF-301","","300.0 ","400.0 ","","","20%","PSF","95 ","25.0 ","1.0 ","0.24 ","6.32 ","26.33 ","1.88 ","2.18 ","1.16 "
"273 ","","","ZIF-301","","300.0 ","400.0 ","","","30%","PSF","95 ","25.0 ","1.0 ","0.24 ","6.32 ","26.33 ","2.54 ","2.71 ","1.07 "
"276 ","","","ZIF-301","","300.0 ","400.0 ","","","10%","PSF","95 ","25.0 ","1.0 ","0.24 ","6.29 ","26.21 ","1.46 ","1.66 ","1.14 "
"277 ","","","ZIF-301","","300.0 ","400.0 ","","","20%","PSF","95 ","25.0 ","1.0 ","0.24 ","6.29 ","26.21 ","1.92 ","2.24 ","1.17 "
"278 ","","","ZIF-301","","300.0 ","400.0 ","","","30%","PSF","95 ","25.0 ","1.0 ","0.24 ","6.29 ","26.21 ","2.58 ","2.79 ","1.08 "
"279 ","","","ZIF-301","","300.0 ","400.0 ","","","40%","PSF","95 ","25.0 ","1.0 ","0.24 ","6.29 ","26.21 ","3.96 ","3.49 ","0.88 "
"295 ","2012 ","41 ","ZIF-8","","60.0 ","1300.0 ","11.60 ","3.40 ","5%","Matrimid 5218","55 ","22.0 ","4.0 ","0.36 ","8.07 ","22.42 ","1.31 ","1.25 ","0.95 "
"296 ","","","ZIF-8","","60.0 ","1350.0 ","11.60 ","3.40 ","10%","Matrimid 5218","55 ","22.0 ","4.0 ","0.36 ","8.07 ","22.42 ","1.75 ","1.69 ","0.97 "
"297 ","","","ZIF-8","","60.0 ","1350.0 ","11.60 ","3.40 ","20%","Matrimid 5218","55 ","22.0 ","4.0 ","0.36 ","8.07 ","22.42 ","4.92 ","2.45 ","0.50 "
"298 ","","","ZIF-8","","60.0 ","1350.0 ","11.60 ","3.40 ","20%","Matrimid 5218","55 ","22.0 ","4.0 ","0.36 ","8.07 ","22.42 ","1.17 ","1.09 ","0.93 "
"299 ","","","ZIF-8","","60.0 ","1350.0 ","11.60 ","3.40 ","20%","Matrimid 5218","55 ","22.0 ","4.0 ","0.36 ","8.07 ","22.42 ","1.69 ","1.61 ","0.95 "
"300 ","","","ZIF-8","","60.0 ","1350.0 ","11.60 ","3.40 ","20%","Matrimid 5218","55 ","22.0 ","4.0 ","0.36 ","8.07 ","22.42 ","1.69 ","1.60 ","0.94 "
"301 ","","","ZIF-8","","60.0 ","1350.0 ","11.60 ","3.40 ","20%","Matrimid 5218","55 ","22.0 ","4.0 ","0.36 ","8.07 ","22.42 ","2.44 ","2.06 ","0.84 "
"302 ","","","ZIF-8","","60.0 ","1350.0 ","11.60 ","3.40 ","30%","Matrimid 5218","55 ","22.0 ","4.0 ","0.36 ","8.07 ","22.42 ","4.67 ","3.56 ","0.76 "
"329 ","2016 ","46 ","ZIF-8","","50","1250.0 ","11.6 ","3.4 ","7%","TBDA2-6FDA","","35.0 ","1.0 ","12.00 ","285.00 ","23.75 ","2.33 ","1.96 ","0.84 "
"330 ","","","ZIF-8","","50","1250.0 ","11.6 ","3.4 ","20%","TBDA2-6FDA","","35.0 ","1.0 ","12.00 ","285.00 ","23.75 ","4.67 ","3.14 ","0.67 "
"331 ","","","ZIF-8","","50","1250.0 ","11.6 ","3.4 ","30%","TBDA2-6FDA","","35.0 ","1.0 ","12.00 ","285.00 ","23.75 ","9.92 ","5.04 ","0.51 "
"332 ","","","ZIF-8","","50","1250.0 ","11.6 ","3.4 ","7%","TBDA2-6FDA","","35.0 ","1.0 ","12.00 ","285.00 ","23.75 ","1.67 ","1.33 ","0.80 "
"333 ","","","ZIF-8","","50","1250.0 ","11.6 ","3.4 ","20%","TBDA2-6FDA","","35.0 ","1.0 ","12.00 ","285.00 ","23.75 ","3.17 ","2.46 ","0.78 "
"334 ","","","ZIF-8","","50","1250.0 ","11.6 ","3.4 ","30%","TBDA2-6FDA","","35.0 ","1.0 ","12.00 ","285.00 ","23.75 ","6.08 ","3.71 ","0.61 "
"337 ","2013 ","47 ","ZIF-8","","","","11.60 ","3.40 ","100%","6FDA-durene-PDMC.","70 ","35.0 ","3.5 ","34.90 ","468.50 ","13.42 ","13.35 ","2.54 ","0.19 "
"338 ","","","ZIF-8","","","","11.60 ","3.40 ","33%","6FDA-durene-PDMC.","70 ","35.0 ","3.5 ","34.90 ","468.50 ","13.42 ","3.93 ","3.31 ","0.84 "
"339 ","","","ZIF-8","","","","11.60 ","3.40 ","33%","6FDA-durene-PDMC.","70 ","35.0 ","3.5 ","34.90 ","468.50 ","13.42 ","0.06 ","0.05 ","0.88 "
"341 ","2018 ","48 ","ZIF-67","","300.0 ","1481.0 ","11.60 ","3.40 ","5%","PIM-1-TT","85 ","30.0 ","2.0 ","216.35 ","2200.00 ","11.00 ","1.01 ","1.14 ","1.07 "
"342 ","","","ZIF-67","","300.0 ","1481.0 ","11.60 ","3.40 ","10%","PIM-1-TT","85 ","30.0 ","2.0 ","216.35 ","2200.00 ","11.00 ","1.00 ","1.23 ","1.18 "
"343 ","","","ZIF-67","","300.0 ","1481.0 ","11.60 ","3.40 ","20%","PIM-1-TT","85 ","30.0 ","2.0 ","216.35 ","2200.00 ","11.00 ","0.97 ","1.57 ","1.55 "
"355 ","2017 ","50 ","ZIF-7","","30.0 ","350.0 ","7.50 ","3.00 ","5%","PEI","400 ","35.0 ","2.03 ","20.8'","82.50 ","3.97 ","0.18 ","0.78 ","4.29 "
"356 ","","","ZIF-7","NH2","30.0 ","350.0 ","7.50 ","3.00 ","5%","PEI","400 ","35.0 ","2.03 ","20.80 ","82.50 ","3.97 ","8.78 ","2.98 ","0.34 "
"361 ","2017 ","52 ","ZIF-300","","1000.0 ","546.0 ","","7.90 ","10%","PEBAX 1657","","20.0 ","0.4 ","0.92 ","51.00 ","55.50 ","0.99 ","1.29 ","1.31 "
"362 ","","","ZIF-300","","1000.0 ","546.0 ","","7.90 ","20%","PEBAX 1657","","20.0 ","0.4 ","0.92 ","51.00 ","55.50 ","0.99 ","1.41 ","1.42 "
"363 ","","","ZIF-300","","1000.0 ","546.0 ","","7.90 ","30%","PEBAX 1657","","20.0 ","0.4 ","0.92 ","51.00 ","55.50 ","1.07 ","1.63 ","1.52 "
"364 ","","","ZIF-300","","1000.0 ","546.0 ","","7.90 ","40%","PEBAX 1657","","20.0 ","0.4 ","0.92 ","51.00 ","55.50 ","0.97 ","0.96 ","0.99 "
"371 ","2017 ","54 ","ZIF-90","","79.0 ","1426.0 ","11.20 ","3.50 ","10%","6FDA-TP","58 ","35.0 ","","1.00 ","20.00 ","20.00 ","1.10 ","1.30 ","1.18 "
"372 ","","","ZIF-90","","79.0 ","1426.0 ","11.20 ","3.50 ","20%","6FDA-TP","58 ","35.0 ","","1.00 ","20.00 ","20.00 ","1.30 ","1.45 ","1.12 "
"373 ","","","ZIF-90","","79.0 ","1426.0 ","11.20 ","3.50 ","40%","6FDA-TP","58 ","35.0 ","","1.00 ","20.00 ","20.00 ","2.20 ","2.25 ","1.02 "
"374 ","","","ZIF-90","","79.0 ","1426.0 ","11.20 ","3.50 ","50%","6FDA-TP","58 ","35.0 ","","1.00 ","20.00 ","20.00 ","3.10 ","3.15 ","1.02 "
"17","2017","3","MIL 96","","220","600","11","11","25.00%","6FDA-DAM","62.5","25","2","31.30 ","720.00 ","23.00 ","1.25 ","1.40 ","1.12 "
"18","","","MIL 96","","70","","9.5","9.5","25.00%","6FDA-DAM","62.5","25","2","31.30 ","720.00 ","23.00 ","1.33 ","1.53 ","1.15 "
"80","2014","10","MIL53 Al","","100","1590","8.50 ","8.50 ","37.50%","Matrimid 5218","55","35.00 ","2.00 ","0.25 ","8.40 ","33.60 ","1.68 ","4.76 ","2.83 "
"81","","","MIL53 Al","","100","1118","8.50 ","8.50 ","33.30%","Matrimid 5218","55","35.00 ","2.00 ","0.25 ","8.40 ","33.60 ","2.48 ","3.17 ","1.28 "
"82","","","MIL53 Al","","100","1118","8.50 ","8.50 ","37.50%","Matrimid 5218","55","35.00 ","2.00 ","0.25 ","8.40 ","33.60 ","7.20 ","6.19 ","0.86 "
"84","2016","11","MIL-101(Cr)","NH2","","2070","","15.4","5.00%","PIM-1","40","25","3","146.67 ","2420.00 ","16.50 ","1.26 ","1.33 ","1.06 "
"85","","","MIL-101(Cr)","NH2","","2070","","15.4","10.00%","PIM-1","40","25","3","146.67 ","2420.00 ","16.50 ","1.43 ","1.38 ","0.97 "
"86","","","MIL-101(Cr)","NH2","","2070","","15.4","15.00%","PIM-1","40","25","3","146.67 ","2420.00 ","16.50 ","1.66 ","1.43 ","0.86 "
"87","","","MIL-101(Cr)","NH2","","2070","","15.4","5.00%","PIM-1","40","25","3","146.67 ","2420.00 ","16.50 ","0.55 ","1.24 ","2.25 "
"88","","","MIL-101(Cr)","NH2","","2070","","15.4","10.00%","PIM-1","40","25","3","146.67 ","2420.00 ","16.50 ","0.61 ","1.26 ","2.08 "
"89","","","MIL-101(Cr)","NH2","","2070","","15.4","15.00%","PIM-1","40","25","3","146.67 ","2420.00 ","16.50 ","0.76 ","1.34 ","1.76 "
"158","2018","18","MIL 69","","275","450","","2.7","25.00%","6FDA-DAM","35","25","2","28.80 ","720.00 ","25.00 ","0.89 ","0.99 ","1.11 "
"159","","","MIL 53 (Al)","NH2","","500","","6","25.00%","6FDA-DAM","35","25","2","28.80 ","720.00 ","25.00 ","1.39 ","1.42 ","1.02 "
"160","","","MIL-96","","670","150","","3.6","25.00%","6FDA-DAM","35","25","2","28.80 ","720.00 ","25.00 ","1.26 ","1.35 ","1.07 "
"161","","","ZIF-94","","545","300","","2.6","25.00%","6FDA-DAM","35","25","2","28.80 ","720.00 ","25.00 ","1.47 ","1.44 ","0.98 "
"163","","","MIL 69","","275","450","","2.7","25.00%","Pebax1657","35","25","2","0.75 ","42.50 ","57.00 ","0.90 ","1.02 ","1.13 "
"164","","","MIL 53 (Al)","NH2","","500","","6","25.00%","Pebax1657","35","25","2","0.75 ","42.50 ","57.00 ","0.75 ","0.78 ","1.04 "
"165","","","MIL-96","","670","150","","3.6","25.00%","Pebax1657","35","25","2","0.75 ","42.50 ","57.00 ","1.15 ","1.26 ","1.10 "
"166","","","ZIF-94","","545","300","","2.6","25.00%","Pebax1657","35","25","2","0.75 ","42.50 ","57.00 ","1.24 ","1.32 ","1.07 "
"179","2018","21","UiO66","","1000","1125","","6","27.30%","PU","","30.00 ","4.00 ","0.98 ","38.40 ","39.18 ","2.24 ","1.96 ","0.87 "
"180","","","MIL-101 Cr","","500","3752","","12","28.00%","PU","","30.00 ","4.00 ","0.98 ","38.40 ","39.18 ","2.00 ","2.16 ","1.08 "
"192","2016","23","MIL-125(Ti)","","1500","1040","10.7","5.50 ","5.00%","Matrimid®9725","","35","9","0.18 ","4.00 ","22.00 ","0.89 ","1.25 ","1.41 "
"193","","","MIL-125(Ti)","","1500","1040","10.7","5.50 ","10.00%","Matrimid®9725","","35","9","0.18 ","4.00 ","22.00 ","1.12 ","1.62 ","1.45 "
"194","","","MIL-125(Ti)","","1500","1040","10.7","5.50 ","15.00%","Matrimid®9725","","35","9","0.18 ","4.00 ","22.00 ","1.64 ","2.50 ","1.52 "
"195","","","MIL-125(Ti)","","1500","1040","10.7","5.50 ","20.00%","Matrimid®9725","","35","9","0.18 ","4.00 ","22.00 ","2.00 ","3.00 ","1.50 "
"196","","","MIL-125(Ti)","","1500","1040","10.7","5.50 ","30.00%","Matrimid®9725","","35","9","0.18 ","4.00 ","22.00 ","2.32 ","3.38 ","1.45 "
"197","","","MIL-125(Ti)","NH2","100","930","10.7","5.50 ","5.00%","Matrimid®9725","","35","9","0.18 ","4.00 ","22.00 ","0.97 ","1.50 ","1.55 "
"198","","","MIL-125(Ti)","NH2","100","930","10.7","5.50 ","10.00%","Matrimid®9725","","35","9","0.18 ","4.00 ","22.00 ","1.18 ","1.88 ","1.59 "
"199","","","MIL-125(Ti)","NH2","100","930","10.7","5.50 ","15.00%","Matrimid®9725","","35","9","0.18 ","4.00 ","22.00 ","1.16 ","2.00 ","1.73 "
"200","","","MIL-125(Ti)","NH2","100","930","10.7","5.50 ","20.00%","Matrimid®9725","","35","9","0.18 ","4.00 ","22.00 ","2.19 ","3.65 ","1.67 "
"201","","","MIL-125(Ti)","NH2","100","930","10.7","5.50 ","30.00%","Matrimid®9725","","35","9","0.18 ","4.00 ","22.00 ","4.22 ","6.62 ","1.57 "
"203","2015","24","MIL-101(Cr)","","500","3175","19.9","7.5","10.00%","SPEEK","65","25","1","38.62 ","570.00 ","14.76 ","1.00 ","1.12 ","1.12 "
"204","","","MIL-101(Cr)","","500","3175","19.9","7.5","20.00%","SPEEK","65","25","1","38.62 ","570.00 ","14.76 ","1.41 ","1.81 ","1.28 "
"205","","","MIL-101(Cr)","","500","3175","19.9","7.5","30.00%","SPEEK","65","25","1","38.62 ","570.00 ","14.76 ","1.55 ","2.11 ","1.36 "
"206","","","MIL-101(Cr)","","500","3175","19.9","7.5","40.00%","SPEEK","65","25","1","38.62 ","570.00 ","14.76 ","1.84 ","2.54 ","1.38 "
"207","","","MIL-101(Cr)","","500","1372","19.9","6.61","10.00%","SPEEK","65","25","1","38.62 ","570.00 ","14.76 ","1.44 ","1.75 ","1.22 "
"208","","","MIL-101(Cr)","","500","1372","19.9","6.61","20.00%","SPEEK","65","25","1","38.62 ","570.00 ","14.76 ","2.17 ","2.74 ","1.26 "
"209","","","MIL-101(Cr)","","500","1372","19.9","6.61","30.00%","SPEEK","65","25","1","38.62 ","570.00 ","14.76 ","2.59 ","3.44 ","1.33 "
"210","","","MIL-101(Cr)","","500","1372","19.9","6.61","40.00%","SPEEK","65","25","1","38.62 ","570.00 ","14.76 ","3.17 ","4.37 ","1.38 "
"225","2016","26","MIL 53 (Al)","NH2","200","984","8","8","2.00%","Polyetherimide Ultem®1000","1","25","5","3.06 ","98.00 ","32.00 ","1.13 ","1.22 ","1.09 "
"226","","","MIL 53 (Al)","NH2","200","984","8","8","6.00%","Polyetherimide Ultem®1000","1","25","5","3.06 ","98.00 ","32.00 ","1.66 ","1.63 ","0.98 "
"227","","","MIL 53 (Al)","NH2","200","984","8","8","10.00%","Polyetherimide Ultem®1000","1","25","5","3.06 ","98.00 ","32.00 ","2.90 ","2.24 ","0.78 "
"228","","","MIL 53 (Al)","NH2","400","125","8","8","2.00%","Polyetherimide Ultem®1000","1","25","5","3.06 ","98.00 ","32.00 ","1.04 ","1.20 ","1.16 "
"229","","","MIL 53 (Al)","NH2","400","125","8","8","6.00%","Polyetherimide Ultem®1000","1","25","5","3.06 ","98.00 ","32.00 ","1.28 ","1.68 ","1.31 "
"230","","","MIL 53 (Al)","NH2","400","125","8","8","10.00%","Polyetherimide Ultem®1000","1","25","5","3.06 ","98.00 ","32.00 ","1.59 ","2.04 ","1.28 "
"231","","","MIL 53 (Al)","NH2","400","125","8","8","15.00%","Polyetherimide Ultem®1000","1","25","5","3.06 ","98.00 ","32.00 ","2.68 ","2.81 ","1.05 "
"37","2017","4","UiO–66","","150","1150","11","6","5.00%","PIM-1-TT","1","25","4","187.50 ","3000.00 ","16.00 ","1.58 ","1.60 ","1.01 "
"38","","","UiO–66","","150","1150","11","6","10.00%","PIM-1-TT","1","25","4","187.50 ","3000.00 ","16.00 ","1.76 ","1.83 ","1.04 "
"39","","","UiO–66","","150","1150","11","6","20.00%","PIM-1-TT","1","25","4","187.50 ","3000.00 ","16.00 ","3.11 ","2.67 ","0.86 "
"40","","","UiO-66","NH2","30","950","11","6","5.00%","PIM-1-TT","1","25","4","187.50 ","3000.00 ","16.00 ","0.57 ","0.97 ","1.71 "
"41","","","UiO-66","NH2","30","950","11","6","10.00%","PIM-1-TT","1","25","4","187.50 ","3000.00 ","16.00 ","0.54 ","0.95 ","1.77 "
"42","","","UiO-66","NH2","30","950","11","6","20.00%","PIM-1-TT","1","25","4","187.50 ","3000.00 ","16.00 ","0.47 ","0.77 ","1.62 "
"43","","","UiO-66","NH2","30","950","11","6","30.00%","PIM-1-TT","1","25","4","187.50 ","3000.00 ","16.00 ","0.49 ","0.73 ","1.50 "
"44","","","UiO-66","NH2","30","950","11","6","40.00%","PIM-1-TT","1","25","4","187.50 ","3000.00 ","16.00 ","0.47 ","0.67 ","1.41 "
"52","2017","6","UiO-66","","200","1360","11","6","9.10%","PIM-1-TT","","25.0 ","1.0 ","120.00 ","4800.00 ","40.00 ","0.92 ","0.90 ","0.98 "
"53","","","UiO-66","","200","1360","11","6","16.60%","PIM-1-TT","","25.0 ","1.0 ","120.00 ","4800.00 ","40.00 ","2.00 ","1.21 ","0.60 "
"54","","","UiO-66","","200","1360","11","6","23.10%","PIM-1-TT","","25.0 ","1.0 ","120.00 ","4800.00 ","40.00 ","2.83 ","1.67 ","0.59 "
"55","","","UiO-66","","200","1360","11","6","28.60%","PIM-1-TT","","25.0 ","1.0 ","120.00 ","4800.00 ","40.00 ","2.67 ","0.98 ","0.37 "
"56","","","UiO-66","","200","1360","11","6","0.00%","PIM-1-TT","","25.0 ","1.0 ","120.00 ","4800.00 ","40.00 ","3.33 ","1.79 ","0.54 "
"58","","","UiO-66","","200","1360","11","6","16.60%","PIM-1-TT","","25.0 ","1.0 ","120.00 ","4800.00 ","40.00 ","3.83 ","1.98 ","0.52 "
"59","","","UiO-66","","200","1360","11","6","23.10%","PIM-1-TT","","25.0 ","1.0 ","120.00 ","4800.00 ","40.00 ","3.58 ","1.96 ","0.55 "
"60","","","UiO-66","","200","1360","11","6","28.60%","PIM-1-TT","","25.0 ","1.0 ","120.00 ","4800.00 ","40.00 ","4.58 ","2.00 ","0.44 "
"61","","","UiO-66","NH2","","1120","11","6","9.10%","PIM-1-TT","","25.0 ","1.0 ","120.00 ","4800.00 ","40.00 ","1.67 ","1.02 ","0.61 "
"62","","","UiO-66","NH2","","1120","11","6","16.60%","PIM-1-TT","","25.0 ","1.0 ","120.00 ","4800.00 ","40.00 ","2.58 ","1.25 ","0.48 "
"63","","","UiO-66","NH2","","1120","11","6","23.10%","PIM-1-TT","","25.0 ","1.0 ","120.00 ","4800.00 ","40.00 ","2.00 ","1.04 ","0.52 "
"64","","","UiO-66","NH2","","1120","11","6","28.60%","PIM-1-TT","","25.0 ","1.0 ","120.00 ","4800.00 ","40.00 ","2.17 ","1.15 ","0.53 "
"65","","","UiO-66","NH2","","1120","11","6","9.10%","PIM-1-TT","","25.0 ","1.0 ","120.00 ","4800.00 ","40.00 ","3.42 ","1.77 ","0.52 "
"66","","","UiO-66","NH2","","1120","11","6","16.60%","PIM-1-TT","","25.0 ","1.0 ","120.00 ","4800.00 ","40.00 ","4.42 ","2.00 ","0.45 "
"67","","","UiO-66","NH2","","1120","11","6","23.10%","PIM-1-TT","","25.0 ","1.0 ","120.00 ","4800.00 ","40.00 ","3.25 ","1.83 ","0.56 "
"68","","","UiO-66","NH2","","1120","11","6","28.60%","PIM-1-TT","","25.0 ","1.0 ","120.00 ","4800.00 ","40.00 ","3.67 ","1.58 ","0.43 "
"69","","","UiO-66","(COOH)2","","4223","11","6","9.10%","PIM-1-TT","","25.0 ","1.0 ","120.00 ","4800.00 ","40.00 ","1.67 ","0.90 ","0.54 "
"70","","","UiO-66","(COOH)2","","4223","11","6","16.60%","PIM-1-TT","","25.0 ","1.0 ","120.00 ","4800.00 ","40.00 ","2.00 ","1.04 ","0.52 "
"71","","","UiO-66","(COOH)2","","4223","11","6","23.10%","PIM-1-TT","","25.0 ","1.0 ","120.00 ","4800.00 ","40.00 ","2.25 ","1.02 ","0.45 "
"72","","","UiO-66","(COOH)2","","4223","11","6","28.60%","PIM-1-TT","","25.0 ","1.0 ","120.00 ","4800.00 ","40.00 ","2.33 ","1.19 ","0.51 "
"74","","","UiO-66","(COOH)2","","4223","11","6","16.60%","PIM-1-TT","","25.0 ","1.0 ","120.00 ","4800.00 ","40.00 ","4.17 ","1.92 ","0.46 "
"75","","","UiO-66","(COOH)2","","4223","11","6","23.10%","PIM-1-TT","","25.0 ","1.0 ","120.00 ","4800.00 ","40.00 ","3.92 ","1.88 ","0.48 "
"76","","","UiO-66","(COOH)2","","4223","11","6","28.60%","PIM-1-TT","","25.0 ","1.0 ","120.00 ","4800.00 ","40.00 ","3.08 ","1.89 ","0.61 "
"78","2019","7","UiO-66","NH2","1000","889","11","6","9.10%","PGMA-co-POEM","0.45","25.0 ","1.0 ","27.25 ","1240.00 ","","1.55 ","1.77 ","0.61 "
"79","","","UiO-66","NH2","1000","889","11","6","16.70%","PGMA-co-POEM","0.45","25.0 ","1.0 ","27.25 ","1240.00 ","","6.54 ","4.60 ","0.61 "
"80","","","UiO-66","NH2","1000","889","11","6","23.10%","PGMA-co-POEM","0.45","25.0 ","1.0 ","27.25 ","1240.00 ","","7.67 ","5.65 ","0.61 "
"81","","","UiO-66","NH2","1000","889","11","6","28.60%","PGMA-co-POEM","0.45","25.0 ","1.0 ","27.25 ","1240.00 ","","11.75 ","7.90 ","0.61 "
"82","","","UiO-66","NH2","1000","889","11","6","33.30%","PGMA-co-POEM","0.45","25.0 ","1.0 ","27.25 ","1240.00 ","","10.93 ","5.89 ","0.61 "
"84","2020","8","UiO-66","","250","1288","11","6","2.00%","6FDA-ODA","0.45","35","3","0.37 ","13.36 ","","1.20 ","1.29 ","0.61 "
"85","","","UiO-66","","250","1288","11","6","5.00%","6FDA-ODA","0.45","35","3","0.37 ","13.36 ","","1.25 ","1.48 ","0.61 "
"86","","","UiO-66","","250","1288","11","6","10.00%","6FDA-ODA","0.45","35","3","0.37 ","13.36 ","","1.24 ","1.68 ","0.61 "
"87","","","UiO-66","","250","1288","11","6","15.00%","6FDA-ODA","0.45","35","3","0.37 ","13.36 ","","1.35 ","2.11 ","0.61 "
"88","","","UiO-66","","250","1288","11","6","20.00%","6FDA-ODA","0.45","35","3","0.37 ","13.36 ","","2.13 ","2.75 ","0.61 "
"90","2019","9","UiO-66","(OH)2","324","537","11","6","10.00%","6FDD","50","35","3","7.80 ","165.00 ","21.15 ","1.15 ","1.22 ","1.06 "
"91","","","UiO-66","(OH)2","324","537","11","6","20.00%","6FDD","50","35","3","7.80 ","165.00 ","21.15 ","1.47 ","1.53 ","1.04 "
"92","","","UiO-66","(OH)2","324","537","11","6","30.00%","6FDD","50","35","3","7.80 ","165.00 ","21.15 ","2.21 ","2.05 ","0.93 "
"93","","","UiO-66","(OH)2","324","537","11","6","40.00%","6FDD","50","35","3","7.80 ","165.00 ","21.15 ","2.47 ","2.43 ","0.98 "
"94","","","UiO-66","(OH)2","324","537","11","6","50.00%","6FDD","50","35","3","7.80 ","165.00 ","21.15 ","4.00 ","3.94 ","0.98 "
"96","2018","10","UiO-66","","250","1538","11","6","2.00%","Matrimid5218","100","25","10","0.29 ","8.00 ","28.00 ","1.50 ","1.61 ","1.08 "
"97","","","UiO-66","","250","1538","11","6","5.00%","Matrimid5218","100","25","10","0.29 ","8.00 ","28.00 ","1.73 ","2.06 ","1.19 "
"98","","","UiO-66","","250","1538","11","6","11.00%","Matrimid5218","100","25","10","0.29 ","8.00 ","28.00 ","2.36 ","2.88 ","1.22 "
"99","","","UiO-66","","250","1538","11","6","3.00%","Matrimid5218","100","25","10","0.29 ","8.00 ","28.00 ","1.65 ","1.90 ","1.15 "
"100","","","UiO-66","","250","1538","11","6","6.00%","Matrimid5218","100","25","10","0.29 ","8.00 ","28.00 ","1.80 ","2.12 ","1.18 "
"103","2018","11","UiO-66","","100","1500","11","6","5.00%","PMMA","150","24.0 ","4.0 ","0.01 ","0.55 ","50.00 ","1.09 ","1.07 ","0.98 "
"104","","","UiO-66","","100","1500","11","6","11.00%","PMMA","150","24.0 ","4.0 ","0.01 ","0.55 ","50.00 ","1.19 ","1.33 ","1.11 "
"105","","","UiO-66","","100","1500","11","6","15.00%","PMMA","150","24.0 ","4.0 ","0.01 ","0.55 ","50.00 ","1.41 ","1.49 ","1.06 "
"106","","","UiO-66","","100","1500","11","6","21.00%","PMMA","150","24.0 ","4.0 ","0.01 ","0.55 ","50.00 ","2.13 ","2.05 ","0.97 "
"107","","","UiO-66","NH2","","889","11","6","20.00%","PMMA","150","24.0 ","4.0 ","0.01 ","0.55 ","50.00 ","1.27 ","2.15 ","1.69 "
"108","","","UiO-66","GMA","","965","11","6","28.00%","PMMA","150","24.0 ","4.0 ","0.01 ","0.55 ","50.00 ","1.09 ","2.04 ","1.87 "
"116","2013","13","UiO-66","","200","983","11","6","10%","Matrimid5218","100","35","4","0.43 ","6.80 ","15.70 ","0.58 ","1.09 ","1.87 "
"117","","","UiO-66","Azo","200","394","10","6","5.00%","Matrimid5218","100","35","4","0.43 ","6.80 ","15.70 ","0.46 ","1.03 ","2.25 "
"118","","","UiO-66","Azo","200","394","10","6","10.00%","Matrimid5218","100","35","4","0.43 ","6.80 ","15.70 ","0.63 ","1.47 ","2.34 "
"119","","","UiO-66","Azo","200","394","10","6","20.00%","Matrimid5218","100","35","4","0.43 ","6.80 ","15.70 ","0.71 ","1.84 ","2.59 "
"121","2016","14","UiO-66","","70","847","11","5.9","5.00%","PEBA","","25","0.3","1.09 ","50.00 ","46.00 ","1.22 ","1.46 ","1.20 "
"122","","","UiO-66","","70","847","11","5.9","7.50%","PEBA","","25","0.3","1.09 ","50.00 ","46.00 ","1.36 ","1.72 ","1.26 "
"123","","","UiO-66","","70","847","11","5.9","10.00%","PEBA","","25","0.3","1.09 ","50.00 ","46.00 ","1.54 ","1.88 ","1.22 "
"124","","","UiO-66","","70","847","11","5.9","12.50%","PEBA","","25","0.3","1.09 ","50.00 ","46.00 ","2.71 ","2.24 ","0.83 "
"125","","","UiO-66","","70","847","11","5.9","15.00%","PEBA","","25","0.3","1.09 ","50.00 ","46.00 ","3.92 ","2.30 ","0.59 "
"126","","","UiO-66","","70","847","11","5.9","20.00%","PEBA","","25","0.3","1.09 ","50.00 ","46.00 ","6.12 ","2.66 ","0.43 "
"127","","","UiO-66","NH2","57.5","822","11","5.9","5.00%","PEBA","","25","0.3","1.09 ","50.00 ","46.00 ","0.95 ","1.40 ","1.48 "
"128","","","UiO-66","NH2","57.5","822","11","5.9","7.50%","PEBA","","25","0.3","1.09 ","50.00 ","46.00 ","0.93 ","1.56 ","1.67 "
"129","","","UiO-66","NH2","57.5","822","11","5.9","10.00%","PEBA","","25","0.3","1.09 ","50.00 ","46.00 ","0.94 ","1.64 ","1.75 "
"130","","","UiO-66","NH2","57.5","822","11","5.9","12.50%","PEBA","","25","0.3","1.09 ","50.00 ","46.00 ","1.92 ","1.88 ","0.98 "
"131","","","UiO-66","NH2","57.5","822","11","5.9","15.00%","PEBA","","25","0.3","1.09 ","50.00 ","46.00 ","2.45 ","2.00 ","0.82 "
"132","","","UiO-66","NH2","57.5","822'","11","5.9","20.00%","PEBA","","25","0.3","1.09 ","50.00 ","46.00 ","4.39 ","2.48 ","0.57 "
"134","2015","15","UiO-66","","100","1263","11","6","2.50%","PIM-1-TT","","25.0 ","2.0 ","180.00 ","3620.00 ","20.11 ","1.11 ","1.38 ","1.24 "
"135","","","UiO-66","","100","1263","11","6","4.60%","PIM-1-TT","","25.0 ","2.0 ","180.00 ","3620.00 ","20.11 ","1.39 ","1.48 ","1.06 "
"136","","","UiO-66","","100","1263","11","6","10.70%","PIM-1-TT","","25.0 ","2.0 ","180.00 ","3620.00 ","20.11 ","1.28 ","1.42 ","1.11 "
"137","","","UiO-66","","100","1263","11","6","20.30%","PIM-1-TT","","25.0 ","2.0 ","180.00 ","3620.00 ","20.11 ","1.06 ","1.15 ","1.09 "
"138","","","UiO-66","","100","1263","11","6","2.40%","PIM-1-TT","","25.0 ","2.0 ","180.00 ","3620.00 ","20.11 ","1.72 ","1.33 ","0.77 "
"139","","","UiO-66","","100","1263","11","6","4.80%","PIM-1-TT","","25.0 ","2.0 ","180.00 ","3620.00 ","20.11 ","2.39 ","2.86 ","1.20 "
"140","","","UiO-66","","100","1263","11","6","10.00%","PIM-1-TT","","25.0 ","2.0 ","180.00 ","3620.00 ","20.11 ","2.00 ","2.26 ","1.13 "
"141","","","UiO-66","","100","1263","11","6","13.80%","PIM-1-TT","","25.0 ","2.0 ","180.00 ","3620.00 ","20.11 ","1.28 ","1.25 ","0.98 "
"142","","","UiO-66","","100","1359","11","6","2.50%","PIM-1-TT","","25.0 ","2.0 ","180.00 ","3620.00 ","20.11 ","2.39 ","2.03 ","0.85 "
"143","","","UiO-66","","100","1359","11","6","5.00%","PIM-1-TT","","25.0 ","2.0 ","180.00 ","3620.00 ","20.11 ","3.67 ","3.74 ","1.02 "
"144","","","UiO-66","","100","1359'","11","6","10.00%","PIM-1-TT","","25.0 ","2.0 ","180.00 ","3620.00 ","20.11 ","1.44 ","1.77 ","1.22 "
"145","","","UiO-66","","100","1359","11","6","13.30%","PIM-1-TT","","25.0 ","2.0 ","180.00 ","3620.00 ","20.11 ","0.89 ","1.08 ","1.21 "
"146","","","UiO-66","","100","1328","11","6","2.60%","PIM-1-TT","","25.0 ","2.0 ","180.00 ","3620.00 ","20.11 ","2.28 ","2.39 ","1.05 "
"147","","","UiO-66","","100","1328","11","6","5.10%","PIM-1-TT","","25.0 ","2.0 ","180.00 ","3620.00 ","20.11 ","2.11 ","2.18 ","1.03 "
"148","","","UiO-66","","100","1328","11","6","10.10%","PIM-1-TT","","25.0 ","2.0 ","180.00 ","3620.00 ","20.11 ","1.72 ","1.91 ","1.11 "
"149","","","UiO-66","","100","1328","11","6","13.30%","PIM-1-TT","","25.0 ","2.0 ","180.00 ","3620.00 ","20.11 ","5.83 ","4.07 ","0.70 "
"150","","","UiO-66","","100","1249","11","6","2.40%","PIM-1-TT","","25.0 ","2.0 ","180.00 ","3620.00 ","20.11 ","2.89 ","2.99 ","1.03 "
"151","","","UiO-66","","100","1249","11","6","5.10%","PIM-1-TT","","25.0 ","2.0 ","180.00 ","3620.00 ","20.11 ","1.67 ","1.96 ","1.18 "
"152","","","UiO-66","","100","1249","11","6","9.70%","PIM-1-TT","","25.0 ","2.0 ","180.00 ","3620.00 ","20.11 ","2.56 ","2.07 ","0.81 "
"153","","","UiO-66","","100","1249","11","6","13.90%","PIM-1-TT","","25.0 ","2.0 ","180.00 ","3620.00 ","20.11 ","0.56 ","0.85 ","1.53 "
"155","2019","16","UiO-66","","1250","1476","11","6","10.00%","PSF","","25","10","0.20 ","5.70 ","28.00 ","1.40 ","1.51 ","1.08 "
"156","","","UiO-66","","1250","1476","11","6","20.00%","PSF","","25","10","0.20 ","5.70 ","28.00 ","1.95 ","2.16 ","1.11 "
"157","","","UiO-66","","1250","1476","11","6","30.00%","PSF","","25","10","0.20 ","5.70 ","28.00 ","2.46 ","3.07 ","1.25 "
"158","","","UiO-66","","1250","1156","11","6","10.00%","PSF","","25","10","0.20 ","5.70 ","28.00 ","1.26 ","1.44 ","1.14 "
"159","","","UiO-66","","1250","1156","11","6","20.00%","PSF","","25","10","0.20 ","5.70 ","28.00 ","1.59 ","2.12 ","1.34 "
"160","","","UiO-66","","1250","1156","11","6","30.00%","PSF","","25","10","0.20 ","5.70 ","28.00 ","1.96 ","2.95 ","1.50 "
"172","2018","18","UiO-66","","50","1325","11","6","20.00%","PIM-1-TD","","25.0 ","4.0 ","351.00 ","6576.00 ","18.74 ","1.20 ","1.08 ","0.90 "
"173","","","UiO-66","NH2","1000","348","11","6","20.00%","PIM-1-TD","","25.0 ","4.0 ","351.00 ","6576.00 ","18.74 ","1.30 ","1.20 ","0.92 "
"174","","","UiO-66","NH2","1000","1200","11","6","20.00%","PIM-1-TD","","25.0 ","4.0 ","351.00 ","6576.00 ","18.74 ","1.32 ","1.16 ","0.88 "
"176","","","UiO-66","NH2","1000","1090","11","6","20.00%","PIM-1-TD","","25.0 ","4.0 ","351.00 ","6576.00 ","18.74 ","1.58 ","2.40 ","1.52 "
"177","","","UiO-66","NH2","1000","920","11","6","20.00%","PIM-1-TD","","25.0 ","4.0 ","351.00 ","6576.00 ","18.74 ","0.66 ","1.90 ","2.90 "
